id,input_json,ground_truth
ldc_entity_recog_000,"{""text"": ""In news overseas, at a United Nations environmental summit in Johannesburg, South Africa, representatives from 122 nations signed an agreement banning the use of 12 highly toxic chemicals."", ""tok"": ""In news overseas , at a United Nations environmental summit in Johannesburg , South Africa , representatives from 122 nations signed an agreement banning the use of 12 highly toxic chemicals ."", ""tok_labeled"": ""In news overseas , at a <ENAMEX TYPE=\""ORG\"">United Nations</ENAMEX> environmental summit in <ENAMEX TYPE=\""GPE\"">Johannesburg</ENAMEX> , <ENAMEX TYPE=\""GPE\"">South Africa</ENAMEX> , representatives from <ENAMEX TYPE=\""CARDINAL\"">122</ENAMEX> nations signed an agreement banning the use of <ENAMEX TYPE=\""CARDINAL\"">12</ENAMEX> highly toxic chemicals .""}",United Nations;Johannesburg;South Africa;122;12
ldc_entity_recog_001,"{""text"": ""When it 's time for their biannual powwow , the nation 's manufacturing titans typically jet off to the sunny confines of resort towns like Boca Raton and Hot Springs ."", ""tok"": ""When it 's time for their biannual powwow , the nation 's manufacturing titans typically jet off to the sunny confines of resort towns like Boca Raton and Hot Springs ."", ""tok_labeled"": ""When it 's time for their <ENAMEX TYPE=\""DATE\"">biannual</ENAMEX> powwow , the nation 's manufacturing titans typically jet off to the sunny confines of resort towns like <ENAMEX TYPE=\""GPE\"">Boca Raton</ENAMEX> and <ENAMEX TYPE=\""GPE\"">Hot Springs</ENAMEX> .""}",biannual;Boca Raton;Hot Springs
ldc_entity_recog_002,"{""text"": ""Not this year ."", ""tok"": ""Not this year ."", ""tok_labeled"": ""Not <ENAMEX TYPE=\""DATE\"">this year</ENAMEX> .""}",this year
ldc_entity_recog_003,"{""text"": ""The National Association of Manufacturers settled on the Hoosier capital of Indianapolis for its fall board meeting ."", ""tok"": ""The National Association of Manufacturers settled on the Hoosier capital of Indianapolis for its fall board meeting ."", ""tok_labeled"": ""<ENAMEX TYPE=\""ORG\"">The National Association of Manufacturers</ENAMEX> settled on the <ENAMEX TYPE=\""NORP\"">Hoosier</ENAMEX> capital of <ENAMEX TYPE=\""GPE\"">Indianapolis</ENAMEX> for its <ENAMEX TYPE=\""DATE\"">fall</ENAMEX> board meeting .""}",The National Association of Manufacturers;Hoosier;Indianapolis;fall
ldc_entity_recog_004,"{""text"": ""The idea , of course : to prove to 125 corporate decision makers that the buckle on the Rust Belt is n't so rusty after all , that it 's a good place for a company to expand ."", ""tok"": ""The idea , of course : to prove to 125 corporate decision makers that the buckle on the Rust Belt is n't so rusty after all , that it 's a good place for a company to expand ."", ""tok_labeled"": ""The idea , of course : to prove to <ENAMEX TYPE=\""CARDINAL\"">125</ENAMEX> corporate decision makers that the buckle on <ENAMEX TYPE=\""LOC\"">the Rust Belt</ENAMEX> is n't so rusty after all , that it 's a good place for a company to expand .""}",125;the Rust Belt
ldc_entity_recog_005,"{""text"": ""On the receiving end of the message were officials from giants like Du Pont and Maytag , along with lesser knowns like Trojan Steel and the Valley Queen Cheese Factory ."", ""tok"": ""On the receiving end of the message were officials from giants like Du Pont and Maytag , along with lesser knowns like Trojan Steel and the Valley Queen Cheese Factory ."", ""tok_labeled"": ""On the receiving end of the message were officials from giants like <ENAMEX TYPE=\""ORG\"">Du Pont</ENAMEX> and <ENAMEX TYPE=\""ORG\"">Maytag</ENAMEX> , along with lesser knowns like <ENAMEX TYPE=\""ORG\"">Trojan Steel</ENAMEX> and <ENAMEX TYPE=\""ORG\"">the Valley Queen Cheese Factory</ENAMEX> .""}",Du Pont;Maytag;Trojan Steel;the Valley Queen Cheese Factory
ldc_entity_recog_006,"{""text"": ""For starters , the executives joined Mayor William H. Hudnut III for an evening of the Indianapolis Symphony Orchestra and a guest pianist - comedian Victor Borge ."", ""tok"": ""For starters , the executives joined Mayor William H. Hudnut III for an evening of the Indianapolis Symphony Orchestra and a guest pianist - comedian Victor Borge ."", ""tok_labeled"": ""For starters , the executives joined Mayor <ENAMEX TYPE=\""PERSON\"">William H. Hudnut III</ENAMEX> for <ENAMEX TYPE=\""TIME\"">an evening</ENAMEX> of <ENAMEX TYPE=\""ORG\"">the Indianapolis Symphony Orchestra</ENAMEX> and a guest pianist - comedian <ENAMEX TYPE=\""PERSON\"">Victor Borge</ENAMEX> .""}",William H. Hudnut III;an evening;the Indianapolis Symphony Orchestra;Victor Borge
ldc_entity_recog_007,"{""text"": ""The next morning , with a police escort , busloads of executives and their wives raced to the Indianapolis Motor Speedway , unimpeded by traffic or red lights ."", ""tok"": ""The next morning , with a police escort , busloads of executives and their wives raced to the Indianapolis Motor Speedway , unimpeded by traffic or red lights ."", ""tok_labeled"": ""<ENAMEX TYPE=\""TIME\"">The next morning</ENAMEX> , with a police escort , busloads of executives and their wives raced to <ENAMEX TYPE=\""FAC\"">the Indianapolis Motor Speedway</ENAMEX> , unimpeded by traffic or red lights .""}",The next morning;the Indianapolis Motor Speedway
ldc_entity_recog_008,"{""text"": ""Then , in the guests ' honor , the speedway hauled out four drivers , crews and even the official Indianapolis 500 announcer for a 10 - lap exhibition race ."", ""tok"": ""Then , in the guests ' honor , the speedway hauled out four drivers , crews and even the official Indianapolis 500 announcer for a 10 - lap exhibition race ."", ""tok_labeled"": ""Then , in the guests ' honor , the speedway hauled out <ENAMEX TYPE=\""CARDINAL\"">four</ENAMEX> drivers , crews and even the official <ENAMEX TYPE=\""EVENT\"">Indianapolis 500</ENAMEX> announcer for a <ENAMEX TYPE=\""CARDINAL\"">10</ENAMEX> - lap exhibition race .""}",four;Indianapolis 500;10
ldc_entity_recog_009,"{""text"": ""No dummies , the drivers pointed out they still had space on their machines for another sponsor 's name or two ."", ""tok"": ""No dummies , the drivers pointed out they still had space on their machines for another sponsor 's name or two ."", ""tok_labeled"": ""No dummies , the drivers pointed out they still had space on their machines for another sponsor 's name or <ENAMEX TYPE=\""CARDINAL\"">two</ENAMEX> .""}",two
ldc_entity_recog_010,"{""text"": ""Under the stars and moons of the renovated Indiana Roof ballroom , nine of the hottest chefs in town fed them Indiana duckling mousseline , lobster consomme , veal mignon and chocolate terrine with a raspberry sauce ."", ""tok"": ""Under the stars and moons of the renovated Indiana Roof ballroom , nine of the hottest chefs in town fed them Indiana duckling mousseline , lobster consomme , veal mignon and chocolate terrine with a raspberry sauce ."", ""tok_labeled"": ""Under the stars and moons of the renovated <ENAMEX TYPE=\""FAC\"">Indiana Roof ballroom</ENAMEX> , <ENAMEX TYPE=\""CARDINAL\"">nine</ENAMEX> of the hottest chefs in town fed them <ENAMEX TYPE=\""GPE\"">Indiana</ENAMEX> duckling mousseline , lobster consomme , veal mignon and chocolate terrine with a raspberry sauce .""}",Indiana Roof ballroom;nine;Indiana
ldc_entity_recog_011,"{""text"": ""But for now , they 're looking forward to their winter meeting -- Boca in February ."", ""tok"": ""But for now , they 're looking forward to their winter meeting -- Boca in February ."", ""tok_labeled"": ""But for now , they 're looking forward to their <ENAMEX TYPE=\""DATE\"">winter</ENAMEX> meeting -- <ENAMEX TYPE=\""GPE\"">Boca</ENAMEX> in <ENAMEX TYPE=\""DATE\"">February</ENAMEX> .""}",winter;Boca;February
ldc_entity_recog_012,"{""text"": ""Finmeccanica is an Italian state - owned holding company with interests in the mechanical engineering industry ."", ""tok"": ""Finmeccanica is an Italian state - owned holding company with interests in the mechanical engineering industry ."", ""tok_labeled"": ""<ENAMEX TYPE=\""ORG\"">Finmeccanica</ENAMEX> is an <ENAMEX TYPE=\""NORP\"">Italian</ENAMEX> state - owned holding company with interests in the mechanical engineering industry .""}",Finmeccanica;Italian
ldc_entity_recog_013,"{""text"": ""Bailey Controls , based in Wickliffe , Ohio , makes computerized industrial controls systems ."", ""tok"": ""Bailey Controls , based in Wickliffe , Ohio , makes computerized industrial controls systems ."", ""tok_labeled"": ""<ENAMEX TYPE=\""ORG\"">Bailey Controls</ENAMEX> , based in <ENAMEX TYPE=\""GPE\"">Wickliffe</ENAMEX> , <ENAMEX TYPE=\""GPE\"">Ohio</ENAMEX> , makes computerized industrial controls systems .""}",Bailey Controls;Wickliffe;Ohio
ldc_entity_recog_014,"{""text"": ""It employs 2,700 people and has annual revenue of about $ 370 million ."", ""tok"": ""It employs 2,700 people and has annual revenue of about $ 370 million ."", ""tok_labeled"": ""It employs <ENAMEX TYPE=\""CARDINAL\"">2,700</ENAMEX> people and has annual revenue of <ENAMEX TYPE=\""MONEY\"">about $ 370 million</ENAMEX> .""}","2,700;about $ 370 million"
ldc_entity_recog_015,"{""text"": ""South Korea registered a trade deficit of $ 101 million in October , reflecting the country 's economic sluggishness , according to government figures released Wednesday ."", ""tok"": ""South Korea registered a trade deficit of $ 101 million in October , reflecting the country 's economic sluggishness , according to government figures released Wednesday ."", ""tok_labeled"": ""<ENAMEX TYPE=\""GPE\"">South Korea</ENAMEX> registered a trade deficit of <ENAMEX TYPE=\""MONEY\"">$ 101 million</ENAMEX> in <ENAMEX TYPE=\""DATE\"">October</ENAMEX> , reflecting the country 's economic sluggishness , according to government figures released <ENAMEX TYPE=\""DATE\"">Wednesday</ENAMEX> .""}",South Korea;$ 101 million;October;Wednesday
ldc_entity_recog_016,"{""text"": ""Preliminary tallies by the Trade and Industry Ministry showed another trade deficit in October , the fifth monthly setback this year , casting a cloud on South Korea 's export - oriented economy ."", ""tok"": ""Preliminary tallies by the Trade and Industry Ministry showed another trade deficit in October , the fifth monthly setback this year , casting a cloud on South Korea 's export - oriented economy ."", ""tok_labeled"": ""Preliminary tallies by <ENAMEX TYPE=\""ORG\"">the Trade and Industry Ministry</ENAMEX> showed another trade deficit in <ENAMEX TYPE=\""DATE\"">October</ENAMEX> , the <ENAMEX TYPE=\""ORDINAL\"">fifth</ENAMEX> <ENAMEX TYPE=\""DATE\"">monthly</ENAMEX> setback <ENAMEX TYPE=\""DATE\"">this year</ENAMEX> , casting a cloud on <ENAMEX TYPE=\""GPE\"">South Korea 's</ENAMEX> export - oriented economy .""}",the Trade and Industry Ministry;October;fifth;monthly;this year;South Korea 's
ldc_entity_recog_017,"{""text"": ""Exports in October stood at $ 5.29 billion , a mere 0.7 % increase from a year earlier , while imports increased sharply to $ 5.39 billion , up 20 % from last October ."", ""tok"": ""Exports in October stood at $ 5.29 billion , a mere 0.7 % increase from a year earlier , while imports increased sharply to $ 5.39 billion , up 20 % from last October ."", ""tok_labeled"": ""Exports in <ENAMEX TYPE=\""DATE\"">October</ENAMEX> stood at <ENAMEX TYPE=\""MONEY\"">$ 5.29 billion</ENAMEX> , a mere <ENAMEX TYPE=\""PERCENT\"">0.7 %</ENAMEX> increase from <ENAMEX TYPE=\""DATE\"">a year earlier</ENAMEX> , while imports increased sharply to <ENAMEX TYPE=\""MONEY\"">$ 5.39 billion</ENAMEX> , up <ENAMEX TYPE=\""PERCENT\"">20 %</ENAMEX> from <ENAMEX TYPE=\""DATE\"">last October</ENAMEX> .""}",October;$ 5.29 billion;0.7 %;a year earlier;$ 5.39 billion;20 %;last October
ldc_entity_recog_018,"{""text"": ""South Korea 's economic boom , which began in 1986 , stopped this year because of prolonged labor disputes , trade conflicts and sluggish exports ."", ""tok"": ""South Korea 's economic boom , which began in 1986 , stopped this year because of prolonged labor disputes , trade conflicts and sluggish exports ."", ""tok_labeled"": ""<ENAMEX TYPE=\""GPE\"">South Korea 's</ENAMEX> economic boom , which began in <ENAMEX TYPE=\""DATE\"">1986</ENAMEX> , stopped <ENAMEX TYPE=\""DATE\"">this year</ENAMEX> because of prolonged labor disputes , trade conflicts and sluggish exports .""}",South Korea 's;1986;this year
ldc_entity_recog_019,"{""text"": ""Government officials said exports at the end of the year would remain under a government target of $ 68 billion ."", ""tok"": ""Government officials said exports at the end of the year would remain under a government target of $ 68 billion ."", ""tok_labeled"": ""Government officials said exports at <ENAMEX TYPE=\""DATE\"">the end of the year</ENAMEX> would remain under a government target of <ENAMEX TYPE=\""MONEY\"">$ 68 billion</ENAMEX> .""}",the end of the year;$ 68 billion
ldc_entity_recog_020,"{""text"": ""Despite the gloomy forecast , South Korea has recorded a trade surplus of $ 71 million so far this year ."", ""tok"": ""Despite the gloomy forecast , South Korea has recorded a trade surplus of $ 71 million so far this year ."", ""tok_labeled"": ""Despite the gloomy forecast , <ENAMEX TYPE=\""GPE\"">South Korea</ENAMEX> has recorded a trade surplus of <ENAMEX TYPE=\""MONEY\"">$ 71 million</ENAMEX> so far <ENAMEX TYPE=\""DATE\"">this year</ENAMEX> .""}",South Korea;$ 71 million;this year
ldc_entity_recog_021,"{""text"": ""From January to October , the nation 's accumulated exports increased 4 % from the same period last year to $ 50.45 billion ."", ""tok"": ""From January to October , the nation 's accumulated exports increased 4 % from the same period last year to $ 50.45 billion ."", ""tok_labeled"": ""From <ENAMEX TYPE=\""DATE\"">January to October</ENAMEX> , the nation 's accumulated exports increased <ENAMEX TYPE=\""PERCENT\"">4 %</ENAMEX> from the same period <ENAMEX TYPE=\""DATE\"">last year</ENAMEX> to <ENAMEX TYPE=\""MONEY\"">$ 50.45 billion</ENAMEX> .""}",January to October;4 %;last year;$ 50.45 billion
ldc_entity_recog_022,"{""text"": ""Imports were at $ 50.38 billion , up 19 % ."", ""tok"": ""Imports were at $ 50.38 billion , up 19 % ."", ""tok_labeled"": ""Imports were at <ENAMEX TYPE=\""MONEY\"">$ 50.38 billion</ENAMEX> , up <ENAMEX TYPE=\""PERCENT\"">19 %</ENAMEX> .""}",$ 50.38 billion;19 %
ldc_entity_recog_023,"{""text"": ""Pierre Vinken , 61 years old , will join the board as a nonexecutive director Nov. 29 ."", ""tok"": ""Pierre Vinken , 61 years old , will join the board as a nonexecutive director Nov. 29 ."", ""tok_labeled"": ""<ENAMEX TYPE=\""PERSON\"">Pierre Vinken</ENAMEX> , <ENAMEX TYPE=\""DATE\"">61 years old</ENAMEX> , will join the board as a nonexecutive director <ENAMEX TYPE=\""DATE\"">Nov. 29</ENAMEX> .""}",Pierre Vinken;61 years old;Nov. 29
ldc_entity_recog_024,"{""text"": ""Mr. Vinken is chairman of Elsevier N.V. , the Dutch publishing group ."", ""tok"": ""Mr. Vinken is chairman of Elsevier N.V. , the Dutch publishing group ."", ""tok_labeled"": ""Mr. <ENAMEX TYPE=\""PERSON\"">Vinken</ENAMEX> is chairman of <ENAMEX TYPE=\""ORG\"">Elsevier N.V.</ENAMEX> , the <ENAMEX TYPE=\""NORP\"">Dutch</ENAMEX> publishing group .""}",Vinken;Elsevier N.V.;Dutch
ldc_entity_recog_025,"{""text"": ""Rudolph Agnew , 55 years old and former chairman of Consolidated Gold Fields PLC , was named a nonexecutive director of this British industrial conglomerate ."", ""tok"": ""Rudolph Agnew , 55 years old and former chairman of Consolidated Gold Fields PLC , was named a nonexecutive director of this British industrial conglomerate ."", ""tok_labeled"": ""<ENAMEX TYPE=\""PERSON\"">Rudolph Agnew</ENAMEX> , <ENAMEX TYPE=\""DATE\"">55 years old</ENAMEX> and former chairman of <ENAMEX TYPE=\""ORG\"">Consolidated Gold Fields PLC</ENAMEX> , was named a nonexecutive director of this <ENAMEX TYPE=\""NORP\"">British</ENAMEX> industrial conglomerate .""}",Rudolph Agnew;55 years old;Consolidated Gold Fields PLC;British
ldc_entity_recog_026,"{""text"": ""A form of asbestos once used to make Kent cigarette filters has caused a high percentage of cancer deaths among a group of workers exposed to it more than 30 years ago , researchers reported ."", ""tok"": ""A form of asbestos once used to make Kent cigarette filters has caused a high percentage of cancer deaths among a group of workers exposed to it more than 30 years ago , researchers reported ."", ""tok_labeled"": ""A form of asbestos once used to make <ENAMEX TYPE=\""PRODUCT\"">Kent</ENAMEX> cigarette filters has caused a high percentage of cancer deaths among a group of workers exposed to it <ENAMEX TYPE=\""DATE\"">more than 30 years ago</ENAMEX> , researchers reported .""}",Kent;more than 30 years ago
ldc_entity_recog_027,"{""text"": ""The asbestos fiber , crocidolite , is unusually resilient once it enters the lungs , with even brief exposures to it causing symptoms that show up decades later , researchers said ."", ""tok"": ""The asbestos fiber , crocidolite , is unusually resilient once it enters the lungs , with even brief exposures to it causing symptoms that show up decades later , researchers said ."", ""tok_labeled"": ""The asbestos fiber , crocidolite , is unusually resilient once it enters the lungs , with even brief exposures to it causing symptoms that show up <ENAMEX TYPE=\""DATE\"">decades later</ENAMEX> , researchers said .""}",decades later
ldc_entity_recog_028,"{""text"": ""Lorillard Inc. , the unit of New York - based Loews Corp. that makes Kent cigarettes , stopped using crocidolite in its Micronite cigarette filters in 1956 ."", ""tok"": ""Lorillard Inc. , the unit of New York - based Loews Corp. that makes Kent cigarettes , stopped using crocidolite in its Micronite cigarette filters in 1956 ."", ""tok_labeled"": ""<ENAMEX TYPE=\""ORG\"">Lorillard Inc.</ENAMEX> , the unit of <ENAMEX TYPE=\""GPE\"">New York</ENAMEX> - based <ENAMEX TYPE=\""ORG\"">Loews Corp.</ENAMEX> that makes <ENAMEX TYPE=\""PRODUCT\"">Kent</ENAMEX> cigarettes , stopped using crocidolite in its <ENAMEX TYPE=\""PRODUCT\"">Micronite</ENAMEX> cigarette filters in <ENAMEX TYPE=\""DATE\"">1956</ENAMEX> .""}",Lorillard Inc.;New York;Loews Corp.;Kent;Micronite;1956
ldc_entity_recog_029,"{""text"": ""Although preliminary findings were reported more than a year ago , the latest results appear in today 's New England Journal of Medicine , a forum likely to bring new attention to the problem ."", ""tok"": ""Although preliminary findings were reported more than a year ago , the latest results appear in today 's New England Journal of Medicine , a forum likely to bring new attention to the problem ."", ""tok_labeled"": ""Although preliminary findings were reported <ENAMEX TYPE=\""DATE\"">more than a year ago</ENAMEX> , the latest results appear in <ENAMEX TYPE=\""DATE\"">today</ENAMEX> 's <ENAMEX TYPE=\""ORG\"">New England Journal of Medicine</ENAMEX> , a forum likely to bring new attention to the problem .""}",more than a year ago;today;New England Journal of Medicine
ldc_entity_recog_030,"{""text"": ""A Lorillard spokewoman said , `` This is an old story ."", ""tok"": ""A Lorillard spokewoman said , `` This is an old story ."", ""tok_labeled"": ""A <ENAMEX TYPE=\""ORG\"">Lorillard</ENAMEX> spokewoman said , `` This is an old story .""}",Lorillard
ldc_entity_recog_031,"{""text"": ""We 're talking about years ago before anyone heard of asbestos having any questionable properties ."", ""tok"": ""We 're talking about years ago before anyone heard of asbestos having any questionable properties ."", ""tok_labeled"": ""We 're talking about <ENAMEX TYPE=\""DATE\"">years ago</ENAMEX> before anyone heard of asbestos having any questionable properties .""}",years ago
ldc_entity_recog_032,"{""text"": ""Neither Lorillard nor the researchers who studied the workers were aware of any research on smokers of the Kent cigarettes ."", ""tok"": ""Neither Lorillard nor the researchers who studied the workers were aware of any research on smokers of the Kent cigarettes ."", ""tok_labeled"": ""Neither <ENAMEX TYPE=\""ORG\"">Lorillard</ENAMEX> nor the researchers who studied the workers were aware of any research on smokers of the <ENAMEX TYPE=\""PRODUCT\"">Kent</ENAMEX> cigarettes .""}",Lorillard;Kent
ldc_entity_recog_033,"{""text"": ""`` We have no useful information on whether users are at risk , '' said James A. Talcott of Boston 's Dana - Farber Cancer Institute ."", ""tok"": ""`` We have no useful information on whether users are at risk , '' said James A. Talcott of Boston 's Dana - Farber Cancer Institute ."", ""tok_labeled"": ""`` We have no useful information on whether users are at risk , '' said <ENAMEX TYPE=\""PERSON\"">James A. Talcott</ENAMEX> of <ENAMEX TYPE=\""GPE\"">Boston</ENAMEX> 's <ENAMEX TYPE=\""ORG\"">Dana - Farber Cancer Institute</ENAMEX> .""}",James A. Talcott;Boston;Dana - Farber Cancer Institute
ldc_entity_recog_034,"{""text"": ""Dr. Talcott led a team of researchers from the National Cancer Institute and the medical schools of Harvard University and Boston University ."", ""tok"": ""Dr. Talcott led a team of researchers from the National Cancer Institute and the medical schools of Harvard University and Boston University ."", ""tok_labeled"": ""Dr. <ENAMEX TYPE=\""PERSON\"">Talcott</ENAMEX> led a team of researchers from <ENAMEX TYPE=\""ORG\"">the National Cancer Institute</ENAMEX> and the medical schools of <ENAMEX TYPE=\""ORG\"">Harvard University</ENAMEX> and <ENAMEX TYPE=\""ORG\"">Boston University</ENAMEX> .""}",Talcott;the National Cancer Institute;Harvard University;Boston University
ldc_entity_recog_035,"{""text"": ""From 1953 to 1955 , 9.8 billion Kent cigarettes with the filters were sold , the company said ."", ""tok"": ""From 1953 to 1955 , 9.8 billion Kent cigarettes with the filters were sold , the company said ."", ""tok_labeled"": ""From <ENAMEX TYPE=\""DATE\"">1953 to 1955</ENAMEX> , <ENAMEX TYPE=\""CARDINAL\"">9.8 billion</ENAMEX> <ENAMEX TYPE=\""PRODUCT\"">Kent</ENAMEX> cigarettes with the filters were sold , the company said .""}",1953 to 1955;9.8 billion;Kent
ldc_entity_recog_036,"{""text"": ""Among 33 men who worked closely with the substance , 28 have died -- more than three times the expected number ."", ""tok"": ""Among 33 men who worked closely with the substance , 28 have died -- more than three times the expected number ."", ""tok_labeled"": ""Among <ENAMEX TYPE=\""CARDINAL\"">33</ENAMEX> men who worked closely with the substance , <ENAMEX TYPE=\""CARDINAL\"">28</ENAMEX> have died -- <ENAMEX TYPE=\""CARDINAL\"">more than three</ENAMEX> times the expected number .""}",33;28;more than three
ldc_entity_recog_037,"{""text"": ""Four of the five surviving workers have asbestos - related diseases , including three with recently diagnosed cancer ."", ""tok"": ""Four of the five surviving workers have asbestos - related diseases , including three with recently diagnosed cancer ."", ""tok_labeled"": ""<ENAMEX TYPE=\""CARDINAL\"">Four</ENAMEX> of the <ENAMEX TYPE=\""CARDINAL\"">five</ENAMEX> surviving workers have asbestos - related diseases , including <ENAMEX TYPE=\""CARDINAL\"">three</ENAMEX> with recently diagnosed cancer .""}",Four;five;three
ldc_entity_recog_038,"{""text"": ""The total of 18 deaths from malignant mesothelioma , lung cancer and asbestosis was far higher than expected , the researchers said ."", ""tok"": ""The total of 18 deaths from malignant mesothelioma , lung cancer and asbestosis was far higher than expected , the researchers said ."", ""tok_labeled"": ""The total of <ENAMEX TYPE=\""CARDINAL\"">18</ENAMEX> deaths from malignant mesothelioma , lung cancer and asbestosis was far higher than expected , the researchers said .""}",18
ldc_entity_recog_039,"{""text"": ""`` The morbidity rate is a striking finding among those of us who study asbestos - related diseases , '' said Dr. Talcott ."", ""tok"": ""`` The morbidity rate is a striking finding among those of us who study asbestos - related diseases , '' said Dr. Talcott ."", ""tok_labeled"": ""`` The morbidity rate is a striking finding among those of us who study asbestos - related diseases , '' said Dr. <ENAMEX TYPE=\""PERSON\"">Talcott</ENAMEX> .""}",Talcott
ldc_entity_recog_040,"{""text"": ""The percentage of lung cancer deaths among the workers at the West Groton , Mass. , paper factory appears to be the highest for any asbestos workers studied in Western industrialized countries , he said ."", ""tok"": ""The percentage of lung cancer deaths among the workers at the West Groton , Mass. , paper factory appears to be the highest for any asbestos workers studied in Western industrialized countries , he said ."", ""tok_labeled"": ""The percentage of lung cancer deaths among the workers at the <ENAMEX TYPE=\""GPE\"">West Groton</ENAMEX> , <ENAMEX TYPE=\""GPE\"">Mass.</ENAMEX> , paper factory appears to be the highest for any asbestos workers studied in Western industrialized countries , he said .""}",West Groton;Mass.
ldc_entity_recog_041,"{""text"": ""The finding probably will support those who argue that the U.S. should regulate the class of asbestos including crocidolite more stringently than the common kind of asbestos , chrysotile , found in most schools and other buildings , Dr. Talcott said ."", ""tok"": ""The finding probably will support those who argue that the U.S. should regulate the class of asbestos including crocidolite more stringently than the common kind of asbestos , chrysotile , found in most schools and other buildings , Dr. Talcott said ."", ""tok_labeled"": ""The finding probably will support those who argue that the <ENAMEX TYPE=\""GPE\"">U.S.</ENAMEX> should regulate the class of asbestos including crocidolite more stringently than the common kind of asbestos , chrysotile , found in most schools and other buildings , Dr. <ENAMEX TYPE=\""PERSON\"">Talcott</ENAMEX> said .""}",U.S.;Talcott
ldc_entity_recog_042,"{""text"": ""The U.S. is one of the few industrialized nations that does n't have a higher standard of regulation for the smooth , needle - like fibers such as crocidolite that are classified as amphobiles , according to Brooke T. Mossman , a professor of pathlogy at the University of Vermont College of Medicine ."", ""tok"": ""The U.S. is one of the few industrialized nations that does n't have a higher standard of regulation for the smooth , needle - like fibers such as crocidolite that are classified as amphobiles , according to Brooke T. Mossman , a professor of pathlogy at the University of Vermont College of Medicine ."", ""tok_labeled"": ""The <ENAMEX TYPE=\""GPE\"">U.S.</ENAMEX> is one of the few industrialized nations that does n't have a higher standard of regulation for the smooth , needle - like fibers such as crocidolite that are classified as amphobiles , according to <ENAMEX TYPE=\""PERSON\"">Brooke T. Mossman</ENAMEX> , a professor of pathlogy at <ENAMEX TYPE=\""ORG\"">the University of Vermont College of Medicine</ENAMEX> .""}",U.S.;Brooke T. Mossman;the University of Vermont College of Medicine
ldc_entity_recog_043,"{""text"": ""More common chrysotile fibers are curly and are more easily rejected by the body , Dr. Mossman explained ."", ""tok"": ""More common chrysotile fibers are curly and are more easily rejected by the body , Dr. Mossman explained ."", ""tok_labeled"": ""More common chrysotile fibers are curly and are more easily rejected by the body , Dr. <ENAMEX TYPE=\""PERSON\"">Mossman</ENAMEX> explained .""}",Mossman
ldc_entity_recog_044,"{""text"": ""In July , the Environmental Protection Agency imposed a gradual ban on virtually all uses of asbestos ."", ""tok"": ""In July , the Environmental Protection Agency imposed a gradual ban on virtually all uses of asbestos ."", ""tok_labeled"": ""In <ENAMEX TYPE=\""DATE\"">July</ENAMEX> , <ENAMEX TYPE=\""ORG\"">the Environmental Protection Agency</ENAMEX> imposed a gradual ban on virtually all uses of asbestos .""}",July;the Environmental Protection Agency
ldc_entity_recog_045,"{""text"": ""By 1997 , almost all remaining uses of cancer - causing asbestos will be outlawed ."", ""tok"": ""By 1997 , almost all remaining uses of cancer - causing asbestos will be outlawed ."", ""tok_labeled"": ""By <ENAMEX TYPE=\""DATE\"">1997</ENAMEX> , almost all remaining uses of cancer - causing asbestos will be outlawed .""}",1997
ldc_entity_recog_046,"{""text"": ""`` But you have to recognize that these events took place 35 years ago ."", ""tok"": ""`` But you have to recognize that these events took place 35 years ago ."", ""tok_labeled"": ""`` But you have to recognize that these events took place <ENAMEX TYPE=\""DATE\"">35 years ago</ENAMEX> .""}",35 years ago
ldc_entity_recog_047,"{""text"": ""It has no bearing on our work force today ."", ""tok"": ""It has no bearing on our work force today ."", ""tok_labeled"": ""It has no bearing on our work force <ENAMEX TYPE=\""DATE\"">today</ENAMEX> .""}",today
ldc_entity_recog_048,"{""text"": ""The federal government suspended sales of U.S. savings bonds because Congress has n't lifted the ceiling on government debt ."", ""tok"": ""The federal government suspended sales of U.S. savings bonds because Congress has n't lifted the ceiling on government debt ."", ""tok_labeled"": ""The federal government suspended sales of <ENAMEX TYPE=\""GPE\"">U.S.</ENAMEX> savings bonds because <ENAMEX TYPE=\""ORG\"">Congress</ENAMEX> has n't lifted the ceiling on government debt .""}",U.S.;Congress
ldc_entity_recog_049,"{""text"": ""Until Congress acts , the government has n't any authority to issue new debt obligations of any kind , the Treasury said ."", ""tok"": ""Until Congress acts , the government has n't any authority to issue new debt obligations of any kind , the Treasury said ."", ""tok_labeled"": ""Until <ENAMEX TYPE=\""ORG\"">Congress</ENAMEX> acts , the government has n't any authority to issue new debt obligations of any kind , the <ENAMEX TYPE=\""ORG\"">Treasury</ENAMEX> said .""}",Congress;Treasury
ldc_entity_recog_050,"{""text"": ""The government 's borrowing authority dropped at midnight Tuesday to $ 2.80 trillion from $ 2.87 trillion ."", ""tok"": ""The government 's borrowing authority dropped at midnight Tuesday to $ 2.80 trillion from $ 2.87 trillion ."", ""tok_labeled"": ""The government 's borrowing authority dropped at <ENAMEX TYPE=\""TIME\"">midnight</ENAMEX> <ENAMEX TYPE=\""DATE\"">Tuesday</ENAMEX> to <ENAMEX TYPE=\""MONEY\"">$ 2.80 trillion</ENAMEX> from <ENAMEX TYPE=\""MONEY\"">$ 2.87 trillion</ENAMEX> .""}",midnight;Tuesday;$ 2.80 trillion;$ 2.87 trillion
ldc_entity_recog_051,"{""text"": ""The House has voted to raise the ceiling to $ 3.1 trillion , but the Senate is n't expected to act until next week at the earliest ."", ""tok"": ""The House has voted to raise the ceiling to $ 3.1 trillion , but the Senate is n't expected to act until next week at the earliest ."", ""tok_labeled"": ""The <ENAMEX TYPE=\""ORG\"">House</ENAMEX> has voted to raise the ceiling to <ENAMEX TYPE=\""MONEY\"">$ 3.1 trillion</ENAMEX> , but the <ENAMEX TYPE=\""ORG\"">Senate</ENAMEX> is n't expected to act until <ENAMEX TYPE=\""DATE\"">next week</ENAMEX> at the earliest .""}",House;$ 3.1 trillion;Senate;next week
ldc_entity_recog_052,"{""text"": ""The Treasury said the U.S. will default on Nov. 9 if Congress does n't act by then ."", ""tok"": ""The Treasury said the U.S. will default on Nov. 9 if Congress does n't act by then ."", ""tok_labeled"": ""The <ENAMEX TYPE=\""ORG\"">Treasury</ENAMEX> said the <ENAMEX TYPE=\""GPE\"">U.S.</ENAMEX> will default on <ENAMEX TYPE=\""DATE\"">Nov. 9</ENAMEX> if <ENAMEX TYPE=\""ORG\"">Congress</ENAMEX> does n't act by then .""}",Treasury;U.S.;Nov. 9;Congress
ldc_entity_recog_053,"{""text"": ""The average seven - day compound yield of the 400 taxable funds tracked by IBC 's Money Fund Report eased a fraction of a percentage point to 8.45 % from 8.47 % for the week ended Tuesday ."", ""tok"": ""The average seven - day compound yield of the 400 taxable funds tracked by IBC 's Money Fund Report eased a fraction of a percentage point to 8.45 % from 8.47 % for the week ended Tuesday ."", ""tok_labeled"": ""The average <ENAMEX TYPE=\""DATE\"">seven - day</ENAMEX> compound yield of the <ENAMEX TYPE=\""CARDINAL\"">400</ENAMEX> taxable funds tracked by <ENAMEX TYPE=\""ORG\"">IBC</ENAMEX> 's <ENAMEX TYPE=\""ORG\"">Money Fund Report</ENAMEX> eased a fraction of a percentage point to <ENAMEX TYPE=\""PERCENT\"">8.45 %</ENAMEX> from <ENAMEX TYPE=\""PERCENT\"">8.47 %</ENAMEX> for <ENAMEX TYPE=\""DATE\"">the week ended Tuesday</ENAMEX> .""}",seven - day;400;IBC;Money Fund Report;8.45 %;8.47 %;the week ended Tuesday
ldc_entity_recog_054,"{""text"": ""Compound yields assume reinvestment of dividends and that the current yield continues for a year ."", ""tok"": ""Compound yields assume reinvestment of dividends and that the current yield continues for a year ."", ""tok_labeled"": ""Compound yields assume reinvestment of dividends and that the current yield continues for <ENAMEX TYPE=\""DATE\"">a year</ENAMEX> .""}",a year
ldc_entity_recog_055,"{""text"": ""Average maturity of the funds ' investments lengthened by a day to 41 days , the longest since early August , according to Donoghue 's ."", ""tok"": ""Average maturity of the funds ' investments lengthened by a day to 41 days , the longest since early August , according to Donoghue 's ."", ""tok_labeled"": ""Average maturity of the funds ' investments lengthened by <ENAMEX TYPE=\""DATE\"">a day</ENAMEX> to <ENAMEX TYPE=\""DATE\"">41 days</ENAMEX> , the longest since <ENAMEX TYPE=\""DATE\"">early August</ENAMEX> , according to <ENAMEX TYPE=\""ORG\"">Donoghue 's</ENAMEX> .""}",a day;41 days;early August;Donoghue 's
ldc_entity_recog_056,"{""text"": ""The average maturity for funds open only to institutions , considered by some to be a stronger indicator because those managers watch the market closely , reached a high point for the year -- 33 days ."", ""tok"": ""The average maturity for funds open only to institutions , considered by some to be a stronger indicator because those managers watch the market closely , reached a high point for the year -- 33 days ."", ""tok_labeled"": ""The average maturity for funds open only to institutions , considered by some to be a stronger indicator because those managers watch the market closely , reached a high point for <ENAMEX TYPE=\""DATE\"">the year</ENAMEX> -- <ENAMEX TYPE=\""DATE\"">33 days</ENAMEX> .""}",the year;33 days
ldc_entity_recog_057,"{""text"": ""Nevertheless , said Brenda Malizia Negus , editor of Money Fund Report , yields `` may blip up again before they blip down '' because of recent rises in short - term interest rates ."", ""tok"": ""Nevertheless , said Brenda Malizia Negus , editor of Money Fund Report , yields `` may blip up again before they blip down '' because of recent rises in short - term interest rates ."", ""tok_labeled"": ""Nevertheless , said <ENAMEX TYPE=\""PERSON\"">Brenda Malizia Negus</ENAMEX> , editor of <ENAMEX TYPE=\""ORG\"">Money Fund Report</ENAMEX> , yields `` may blip up again before they blip down '' because of recent rises in short - term interest rates .""}",Brenda Malizia Negus;Money Fund Report
ldc_entity_recog_058,"{""text"": ""The yield on six - month Treasury bills sold at Monday 's auction , for example , rose to 8.04 % from 7.90 % ."", ""tok"": ""The yield on six - month Treasury bills sold at Monday 's auction , for example , rose to 8.04 % from 7.90 % ."", ""tok_labeled"": ""The yield on <ENAMEX TYPE=\""DATE\"">six - month</ENAMEX> <ENAMEX TYPE=\""ORG\"">Treasury</ENAMEX> bills sold at <ENAMEX TYPE=\""DATE\"">Monday</ENAMEX> 's auction , for example , rose to <ENAMEX TYPE=\""PERCENT\"">8.04 %</ENAMEX> from <ENAMEX TYPE=\""PERCENT\"">7.90 %</ENAMEX> .""}",six - month;Treasury;Monday;8.04 %;7.90 %
ldc_entity_recog_059,"{""text"": ""Assets of the 400 taxable funds grew by $ 1.5 billion during the latest week , to $ 352.7 billion ."", ""tok"": ""Assets of the 400 taxable funds grew by $ 1.5 billion during the latest week , to $ 352.7 billion ."", ""tok_labeled"": ""Assets of the <ENAMEX TYPE=\""CARDINAL\"">400</ENAMEX> taxable funds grew by <ENAMEX TYPE=\""MONEY\"">$ 1.5 billion</ENAMEX> during <ENAMEX TYPE=\""DATE\"">the latest week</ENAMEX> , to <ENAMEX TYPE=\""MONEY\"">$ 352.7 billion</ENAMEX> .""}",400;$ 1.5 billion;the latest week;$ 352.7 billion
ldc_entity_recog_060,"{""text"": ""The top money funds are currently yielding well over 9 % ."", ""tok"": ""The top money funds are currently yielding well over 9 % ."", ""tok_labeled"": ""The top money funds are currently yielding <ENAMEX TYPE=\""PERCENT\"">well over 9 %</ENAMEX> .""}",well over 9 %
ldc_entity_recog_061,"{""text"": ""Dreyfus World - Wide Dollar , the top - yielding fund , had a seven - day compound yield of 9.37 % during the latest week , down from 9.45 % a week earlier ."", ""tok"": ""Dreyfus World - Wide Dollar , the top - yielding fund , had a seven - day compound yield of 9.37 % during the latest week , down from 9.45 % a week earlier ."", ""tok_labeled"": ""Dreyfus World - Wide Dollar , the top - yielding fund , had a <ENAMEX TYPE=\""DATE\"">seven - day</ENAMEX> compound yield of <ENAMEX TYPE=\""PERCENT\"">9.37 %</ENAMEX> during <ENAMEX TYPE=\""DATE\"">the latest week</ENAMEX> , down from <ENAMEX TYPE=\""PERCENT\"">9.45 %</ENAMEX> <ENAMEX TYPE=\""DATE\"">a week earlier</ENAMEX> .""}",seven - day;9.37 %;the latest week;9.45 %;a week earlier
ldc_entity_recog_062,"{""text"": ""The average seven - day simple yield of the 400 funds was 8.12 % , down from 8.14 % ."", ""tok"": ""The average seven - day simple yield of the 400 funds was 8.12 % , down from 8.14 % ."", ""tok_labeled"": ""The average <ENAMEX TYPE=\""DATE\"">seven - day</ENAMEX> simple yield of the <ENAMEX TYPE=\""CARDINAL\"">400</ENAMEX> funds was <ENAMEX TYPE=\""PERCENT\"">8.12 %</ENAMEX> , down from <ENAMEX TYPE=\""PERCENT\"">8.14 %</ENAMEX> .""}",seven - day;400;8.12 %;8.14 %
ldc_entity_recog_063,"{""text"": ""The 30 - day simple yield fell to an average 8.19 % from 8.22 % ; the 30 - day compound yield slid to an average 8.53 % from 8.56 % ."", ""tok"": ""The 30 - day simple yield fell to an average 8.19 % from 8.22 % ; the 30 - day compound yield slid to an average 8.53 % from 8.56 % ."", ""tok_labeled"": ""The <ENAMEX TYPE=\""DATE\"">30 - day</ENAMEX> simple yield fell to an average <ENAMEX TYPE=\""PERCENT\"">8.19 %</ENAMEX> from <ENAMEX TYPE=\""PERCENT\"">8.22 %</ENAMEX> ; the <ENAMEX TYPE=\""DATE\"">30 - day</ENAMEX> compound yield slid to an average <ENAMEX TYPE=\""PERCENT\"">8.53 %</ENAMEX> from <ENAMEX TYPE=\""PERCENT\"">8.56 %</ENAMEX> .""}",30 - day;8.19 %;8.22 %;30 - day;8.53 %;8.56 %
ldc_entity_recog_064,"{""text"": ""Newsweek , trying to keep pace with rival Time magazine , announced new advertising rates for 1990 and said it will introduce a new incentive plan for advertisers ."", ""tok"": ""Newsweek , trying to keep pace with rival Time magazine , announced new advertising rates for 1990 and said it will introduce a new incentive plan for advertisers ."", ""tok_labeled"": ""<ENAMEX TYPE=\""ORG\"">Newsweek</ENAMEX> , trying to keep pace with rival <ENAMEX TYPE=\""ORG\"">Time magazine</ENAMEX> , announced new advertising rates for <ENAMEX TYPE=\""DATE\"">1990</ENAMEX> and said it will introduce a new incentive plan for advertisers .""}",Newsweek;Time magazine;1990
ldc_entity_recog_065,"{""text"": ""The new ad plan from Newsweek , a unit of the Washington Post Co. , is the second incentive plan the magazine has offered advertisers in three years ."", ""tok"": ""The new ad plan from Newsweek , a unit of the Washington Post Co. , is the second incentive plan the magazine has offered advertisers in three years ."", ""tok_labeled"": ""The new ad plan from <ENAMEX TYPE=\""ORG\"">Newsweek</ENAMEX> , a unit of <ENAMEX TYPE=\""ORG\"">the Washington Post Co.</ENAMEX> , is the <ENAMEX TYPE=\""ORDINAL\"">second</ENAMEX> incentive plan the magazine has offered advertisers in <ENAMEX TYPE=\""DATE\"">three years</ENAMEX> .""}",Newsweek;the Washington Post Co.;second;three years
ldc_entity_recog_066,"{""text"": ""Alan Spoon , recently named Newsweek president , said Newsweek 's ad rates would increase 5 % in January ."", ""tok"": ""Alan Spoon , recently named Newsweek president , said Newsweek 's ad rates would increase 5 % in January ."", ""tok_labeled"": ""<ENAMEX TYPE=\""PERSON\"">Alan Spoon</ENAMEX> , recently named <ENAMEX TYPE=\""ORG\"">Newsweek</ENAMEX> president , said <ENAMEX TYPE=\""ORG\"">Newsweek</ENAMEX> 's ad rates would increase <ENAMEX TYPE=\""PERCENT\"">5 %</ENAMEX> in <ENAMEX TYPE=\""DATE\"">January</ENAMEX> .""}",Alan Spoon;Newsweek;Newsweek;5 %;January
ldc_entity_recog_067,"{""text"": ""A full , four - color page in Newsweek will cost $ 100,980 ."", ""tok"": ""A full , four - color page in Newsweek will cost $ 100,980 ."", ""tok_labeled"": ""A full , <ENAMEX TYPE=\""CARDINAL\"">four</ENAMEX> - color page in <ENAMEX TYPE=\""ORG\"">Newsweek</ENAMEX> will cost $ <ENAMEX TYPE=\""MONEY\"">100,980</ENAMEX> .""}","four;Newsweek;100,980"
ldc_entity_recog_068,"{""text"": ""He succeeds Terrence D. Daniels , formerly a W.R. Grace vice chairman , who resigned ."", ""tok"": ""He succeeds Terrence D. Daniels , formerly a W.R. Grace vice chairman , who resigned ."", ""tok_labeled"": ""He succeeds <ENAMEX TYPE=\""PERSON\"">Terrence D. Daniels</ENAMEX> , formerly a <ENAMEX TYPE=\""ORG\"">W.R. Grace</ENAMEX> vice chairman , who resigned .""}",Terrence D. Daniels;W.R. Grace
ldc_entity_recog_069,"{""text"": ""W.R. Grace holds three of Grace Energy 's seven board seats ."", ""tok"": ""W.R. Grace holds three of Grace Energy 's seven board seats ."", ""tok_labeled"": ""<ENAMEX TYPE=\""ORG\"">W.R. Grace</ENAMEX> holds <ENAMEX TYPE=\""CARDINAL\"">three</ENAMEX> of <ENAMEX TYPE=\""ORG\"">Grace Energy 's</ENAMEX> <ENAMEX TYPE=\""CARDINAL\"">seven</ENAMEX> board seats .""}",W.R. Grace;three;Grace Energy 's;seven
ldc_entity_recog_070,"{""text"": ""Clark J. Vitulli was named senior vice president and general manager of this U.S. sales and marketing arm of Japanese auto maker Mazda Motor Corp ."", ""tok"": ""Clark J. Vitulli was named senior vice president and general manager of this U.S. sales and marketing arm of Japanese auto maker Mazda Motor Corp ."", ""tok_labeled"": ""<ENAMEX TYPE=\""PERSON\"">Clark J. Vitulli</ENAMEX> was named senior vice president and general manager of this <ENAMEX TYPE=\""GPE\"">U.S.</ENAMEX> sales and marketing arm of <ENAMEX TYPE=\""NORP\"">Japanese</ENAMEX> auto maker <ENAMEX TYPE=\""ORG\"">Mazda Motor Corp</ENAMEX> .""}",Clark J. Vitulli;U.S.;Japanese;Mazda Motor Corp
ldc_entity_recog_071,"{""text"": ""In the new position he will oversee Mazda 's U.S. sales , service , parts and marketing operations ."", ""tok"": ""In the new position he will oversee Mazda 's U.S. sales , service , parts and marketing operations ."", ""tok_labeled"": ""In the new position he will oversee <ENAMEX TYPE=\""ORG\"">Mazda</ENAMEX> 's <ENAMEX TYPE=\""GPE\"">U.S.</ENAMEX> sales , service , parts and marketing operations .""}",Mazda;U.S.
ldc_entity_recog_072,"{""text"": ""Previously , Mr. Vitulli , 43 years old , was general marketing manager of Chrysler Corp. 's Chrysler division ."", ""tok"": ""Previously , Mr. Vitulli , 43 years old , was general marketing manager of Chrysler Corp. 's Chrysler division ."", ""tok_labeled"": ""Previously , Mr. <ENAMEX TYPE=\""PERSON\"">Vitulli</ENAMEX> , <ENAMEX TYPE=\""DATE\"">43 years old</ENAMEX> , was general marketing manager of <ENAMEX TYPE=\""ORG\"">Chrysler Corp. 's</ENAMEX> <ENAMEX TYPE=\""ORG\"">Chrysler</ENAMEX> division .""}",Vitulli;43 years old;Chrysler Corp. 's;Chrysler
ldc_entity_recog_073,"{""text"": ""He had been a sales and marketing executive with Chrysler for 20 years ."", ""tok"": ""He had been a sales and marketing executive with Chrysler for 20 years ."", ""tok_labeled"": ""He had been a sales and marketing executive with <ENAMEX TYPE=\""ORG\"">Chrysler</ENAMEX> for <ENAMEX TYPE=\""DATE\"">20 years</ENAMEX> .""}",Chrysler;20 years
ldc_entity_recog_074,"{""text"": ""Zijin Mountain Observatory of the China Academy Of Sciences announced today that a nation - wide observation network for the collision of Shoemaker - Levy 9 Comet with Jupiter had been built in China and a large - scale astronomical observation plan had been formulated as well ."", ""tok"": ""Zijin Mountain Observatory of the China Academy Of Sciences announced today that a nation - wide observation network for the collision of Shoemaker - Levy 9 Comet with Jupiter had been built in China and a large - scale astronomical observation plan had been formulated as well ."", ""tok_labeled"": ""<ENAMEX TYPE=\""FAC\"">Zijin Mountain Observatory</ENAMEX> of <ENAMEX TYPE=\""ORG\"">the China Academy Of Sciences</ENAMEX> announced <ENAMEX TYPE=\""DATE\"">today</ENAMEX> that a nation - wide observation network for the collision of <ENAMEX TYPE=\""LOC\"">Shoemaker - Levy 9 Comet</ENAMEX> with <ENAMEX TYPE=\""LOC\"">Jupiter</ENAMEX> had been built in <ENAMEX TYPE=\""GPE\"">China</ENAMEX> and a large - scale astronomical observation plan had been formulated as well .""}",Zijin Mountain Observatory;the China Academy Of Sciences;today;Shoemaker - Levy 9 Comet;Jupiter;China
ldc_entity_recog_075,"{""text"": ""According to experts , Jupiter , which orbits the Sun like the Earth , is the largest planet in the solar system ."", ""tok"": ""According to experts , Jupiter , which orbits the Sun like the Earth , is the largest planet in the solar system ."", ""tok_labeled"": ""According to experts , <ENAMEX TYPE=\""LOC\"">Jupiter</ENAMEX> , which orbits the <ENAMEX TYPE=\""LOC\"">Sun</ENAMEX> like the <ENAMEX TYPE=\""LOC\"">Earth</ENAMEX> , is the largest planet in the solar system .""}",Jupiter;Sun;Earth
ldc_entity_recog_076,"{""text"": ""This incident of observing of the comet colliding with Jupiter possesses extremely important significance in researching and forecasting comets colliding with Earth ."", ""tok"": ""This incident of observing of the comet colliding with Jupiter possesses extremely important significance in researching and forecasting comets colliding with Earth ."", ""tok_labeled"": ""This incident of observing of the comet colliding with <ENAMEX TYPE=\""LOC\"">Jupiter</ENAMEX> possesses extremely important significance in researching and forecasting comets colliding with <ENAMEX TYPE=\""LOC\"">Earth</ENAMEX> .""}",Jupiter;Earth
ldc_entity_recog_077,"{""text"": ""The Chinese astronomy arena also places great importance on this phenomenon of the comet colliding with Jupiter and will closely focus attention on its development and changes ."", ""tok"": ""The Chinese astronomy arena also places great importance on this phenomenon of the comet colliding with Jupiter and will closely focus attention on its development and changes ."", ""tok_labeled"": ""The <ENAMEX TYPE=\""NORP\"">Chinese</ENAMEX> astronomy arena also places great importance on this phenomenon of the comet colliding with <ENAMEX TYPE=\""LOC\"">Jupiter</ENAMEX> and will closely focus attention on its development and changes .""}",Chinese;Jupiter
ldc_entity_recog_078,"{""text"": ""In the past few days , under the support of the Chinese Academy of Sciences and the National Natural Science Foundation , a seminar on the plan to monitor comet Shoemaker - Levy 9 colliding with Jupiter convened in Nanjing and more than forty astronomers from all over the country attended ."", ""tok"": ""In the past few days , under the support of the Chinese Academy of Sciences and the National Natural Science Foundation , a seminar on the plan to monitor comet Shoemaker - Levy 9 colliding with Jupiter convened in Nanjing and more than forty astronomers from all over the country attended ."", ""tok_labeled"": ""In <ENAMEX TYPE=\""DATE\"">the past few days</ENAMEX> , under the support of <ENAMEX TYPE=\""ORG\"">the Chinese Academy of Sciences</ENAMEX> and <ENAMEX TYPE=\""ORG\"">the National Natural Science Foundation</ENAMEX> , a seminar on the plan to monitor comet <ENAMEX TYPE=\""LOC\"">Shoemaker - Levy 9</ENAMEX> colliding with <ENAMEX TYPE=\""LOC\"">Jupiter</ENAMEX> convened in <ENAMEX TYPE=\""GPE\"">Nanjing</ENAMEX> and more than <ENAMEX TYPE=\""CARDINAL\"">forty</ENAMEX> astronomers from all over the country attended .""}",the past few days;the Chinese Academy of Sciences;the National Natural Science Foundation;Shoemaker - Levy 9;Jupiter;Nanjing;forty
ldc_entity_recog_079,"{""text"": ""Experts think that this rare and important astronomical phenomenon requires continuous global observation , and that China is located at an important longitudinal position between Japan and Europe , so , China 's observational material from is an indispensable and irreplaceable component in the international joint observation ."", ""tok"": ""Experts think that this rare and important astronomical phenomenon requires continuous global observation , and that China is located at an important longitudinal position between Japan and Europe , so , China 's observational material from is an indispensable and irreplaceable component in the international joint observation ."", ""tok_labeled"": ""Experts think that this rare and important astronomical phenomenon requires continuous global observation , and that <ENAMEX TYPE=\""GPE\"">China</ENAMEX> is located at an important longitudinal position between <ENAMEX TYPE=\""GPE\"">Japan</ENAMEX> and <ENAMEX TYPE=\""LOC\"">Europe</ENAMEX> , so , <ENAMEX TYPE=\""GPE\"">China</ENAMEX> 's observational material from is an indispensable and irreplaceable component in the international joint observation .""}",China;Japan;Europe;China
ldc_entity_recog_080,"{""text"": ""At that time , China will put all advanced astronomical equipment to use to carry out observation , including 2.16 - meter reflecting telescopes , 1.26 - meter infrared telescopes and radio telescopes ."", ""tok"": ""At that time , China will put all advanced astronomical equipment to use to carry out observation , including 2.16 - meter reflecting telescopes , 1.26 - meter infrared telescopes and radio telescopes ."", ""tok_labeled"": ""At that time , <ENAMEX TYPE=\""GPE\"">China</ENAMEX> will put all advanced astronomical equipment to use to carry out observation , including <ENAMEX TYPE=\""QUANTITY\"">2.16 - meter</ENAMEX> reflecting telescopes , <ENAMEX TYPE=\""QUANTITY\"">1.26 - meter</ENAMEX> infrared telescopes and radio telescopes .""}",China;2.16 - meter;1.26 - meter
ldc_entity_recog_081,"{""text"": ""25 - meter telescopes in the decimeter and centimeter wave bands , 10 - meter wave band telescopes and advanced optical telescope terminal equipment will also be used ."", ""tok"": ""25 - meter telescopes in the decimeter and centimeter wave bands , 10 - meter wave band telescopes and advanced optical telescope terminal equipment will also be used ."", ""tok_labeled"": ""<ENAMEX TYPE=\""QUANTITY\"">25 - meter</ENAMEX> telescopes in the <ENAMEX TYPE=\""QUANTITY\"">decimeter</ENAMEX> and <ENAMEX TYPE=\""QUANTITY\"">centimeter</ENAMEX> wave bands , <ENAMEX TYPE=\""QUANTITY\"">10 - meter</ENAMEX> wave band telescopes and advanced optical telescope terminal equipment will also be used .""}",25 - meter;decimeter;centimeter;10 - meter
ldc_entity_recog_082,"{""text"": ""Nanjing Zijin Mountain Observatory has more than forty years of experience in the observation and research of comets and asteroids , and its planet research office is the only scientific research organization in China conducting long term research on comets and asteroids , and since 1988 also started researching the issues of the solar system 's celestial bodies colliding ."", ""tok"": ""Nanjing Zijin Mountain Observatory has more than forty years of experience in the observation and research of comets and asteroids , and its planet research office is the only scientific research organization in China conducting long term research on comets and asteroids , and since 1988 also started researching the issues of the solar system 's celestial bodies colliding ."", ""tok_labeled"": ""<ENAMEX TYPE=\""FAC\"">Nanjing Zijin Mountain Observatory</ENAMEX> has <ENAMEX TYPE=\""DATE\"">more than forty years</ENAMEX> of experience in the observation and research of comets and asteroids , and its planet research office is the only scientific research organization in <ENAMEX TYPE=\""GPE\"">China</ENAMEX> conducting long term research on comets and asteroids , and <ENAMEX TYPE=\""DATE\"">since 1988</ENAMEX> also started researching the issues of the solar system 's celestial bodies colliding .""}",Nanjing Zijin Mountain Observatory;more than forty years;China;since 1988
ldc_entity_recog_083,"{""text"": ""This station 's planet experts also attended many international scientific seminars on the dangers of comets and asteroids colliding with Earth ."", ""tok"": ""This station 's planet experts also attended many international scientific seminars on the dangers of comets and asteroids colliding with Earth ."", ""tok_labeled"": ""This station 's planet experts also attended many international scientific seminars on the dangers of comets and asteroids colliding with <ENAMEX TYPE=\""LOC\"">Earth</ENAMEX> .""}",Earth
ldc_entity_recog_084,"{""text"": ""China 's chemical industry is accelerating the pace of opening up to the outside world , and striding into the world ."", ""tok"": ""China 's chemical industry is accelerating the pace of opening up to the outside world , and striding into the world ."", ""tok_labeled"": ""<ENAMEX TYPE=\""GPE\"">China</ENAMEX> 's chemical industry is accelerating the pace of opening up to the outside world , and striding into the world .""}",China
ldc_entity_recog_085,"{""text"": ""According to Ministry of Chemical Industry presentations , total chemical imports and exports in China were less than 300 million US dollars in 1978 , reached 7.5 billion US dollars last year , and there are already 30 chemical enterprises who exported foreign exchange surpassing 10 million US dollars ."", ""tok"": ""According to Ministry of Chemical Industry presentations , total chemical imports and exports in China were less than 300 million US dollars in 1978 , reached 7.5 billion US dollars last year , and there are already 30 chemical enterprises who exported foreign exchange surpassing 10 million US dollars ."", ""tok_labeled"": ""According to <ENAMEX TYPE=\""ORG\"">Ministry of Chemical Industry</ENAMEX> presentations , total chemical imports and exports in <ENAMEX TYPE=\""GPE\"">China</ENAMEX> were <ENAMEX TYPE=\""MONEY\"">less than 300 million US dollars</ENAMEX> in <ENAMEX TYPE=\""DATE\"">1978</ENAMEX> , reached <ENAMEX TYPE=\""MONEY\"">7.5 billion US dollars</ENAMEX> <ENAMEX TYPE=\""DATE\"">last year</ENAMEX> , and there are already <ENAMEX TYPE=\""CARDINAL\"">30</ENAMEX> chemical enterprises who exported foreign exchange surpassing <ENAMEX TYPE=\""MONEY\"">10 million US dollars</ENAMEX> .""}",Ministry of Chemical Industry;China;less than 300 million US dollars;1978;7.5 billion US dollars;last year;30;10 million US dollars
ldc_entity_recog_086,"{""text"": ""Complete equipment set exports of China 's chemical industry made a fractional breakthrough , while double equipment set installations , with an annual production of 40,000 tons of ion film caustic soda , were successively exported to Indonesia and complete equipment sets , with an annual production of 200,000 tons of sodium carbonate , were exported to Iran ."", ""tok"": ""Complete equipment set exports of China 's chemical industry made a fractional breakthrough , while double equipment set installations , with an annual production of 40,000 tons of ion film caustic soda , were successively exported to Indonesia and complete equipment sets , with an annual production of 200,000 tons of sodium carbonate , were exported to Iran ."", ""tok_labeled"": ""Complete equipment set exports of <ENAMEX TYPE=\""GPE\"">China</ENAMEX> 's chemical industry made a fractional breakthrough , while double equipment set installations , with an annual production of <ENAMEX TYPE=\""QUANTITY\"">40,000 tons</ENAMEX> of ion film caustic soda , were successively exported to <ENAMEX TYPE=\""GPE\"">Indonesia</ENAMEX> and complete equipment sets , with an annual production of <ENAMEX TYPE=\""QUANTITY\"">200,000 tons</ENAMEX> of sodium carbonate , were exported to <ENAMEX TYPE=\""GPE\"">Iran</ENAMEX> .""}","China;40,000 tons;Indonesia;200,000 tons;Iran"
ldc_entity_recog_087,"{""text"": ""Currently , technology exports that China can provide reach 52 ."", ""tok"": ""Currently , technology exports that China can provide reach 52 ."", ""tok_labeled"": ""Currently , technology exports that <ENAMEX TYPE=\""GPE\"">China</ENAMEX> can provide reach <ENAMEX TYPE=\""CARDINAL\"">52</ENAMEX> .""}",China;52
ldc_entity_recog_088,"{""text"": ""In the past ten years , foreign capital that China 's chemical industry accumulatively absorbed reached 8.5 billion US dollars , and is being used for the construction and technology transformation of chemical fertilizer and petroleum ."", ""tok"": ""In the past ten years , foreign capital that China 's chemical industry accumulatively absorbed reached 8.5 billion US dollars , and is being used for the construction and technology transformation of chemical fertilizer and petroleum ."", ""tok_labeled"": ""In <ENAMEX TYPE=\""DATE\"">the past ten years</ENAMEX> , foreign capital that <ENAMEX TYPE=\""GPE\"">China</ENAMEX> 's chemical industry accumulatively absorbed reached <ENAMEX TYPE=\""MONEY\"">8.5 billion US dollars</ENAMEX> , and is being used for the construction and technology transformation of chemical fertilizer and petroleum .""}",the past ten years;China;8.5 billion US dollars
ldc_entity_recog_089,"{""text"": ""Germany 's Foreign Minister , Kinkerl said that , he welcomed the NATO ultimatum to the Serbian people of Bosnia - Herzegovina ."", ""tok"": ""Germany 's Foreign Minister , Kinkerl said that , he welcomed the NATO ultimatum to the Serbian people of Bosnia - Herzegovina ."", ""tok_labeled"": ""<ENAMEX TYPE=\""GPE\"">Germany</ENAMEX> 's Foreign Minister , <ENAMEX TYPE=\""PERSON\"">Kinkerl</ENAMEX> said that , he welcomed the <ENAMEX TYPE=\""ORG\"">NATO</ENAMEX> ultimatum to the <ENAMEX TYPE=\""NORP\"">Serbian</ENAMEX> people of <ENAMEX TYPE=\""GPE\"">Bosnia - Herzegovina</ENAMEX> .""}",Germany;Kinkerl;NATO;Serbian;Bosnia - Herzegovina
ldc_entity_recog_090,"{""text"": ""At the same time , he also demanded that new talks be held to end the civil war in Bosnia - Herzegovina ."", ""tok"": ""At the same time , he also demanded that new talks be held to end the civil war in Bosnia - Herzegovina ."", ""tok_labeled"": ""At the same time , he also demanded that new talks be held to end the civil war in <ENAMEX TYPE=\""GPE\"">Bosnia - Herzegovina</ENAMEX> .""}",Bosnia - Herzegovina
ldc_entity_recog_091,"{""text"": ""Kinkerl said that NATO 's decision was \"" correct and necessary \"" ."", ""tok"": ""Kinkerl said that NATO 's decision was \"" correct and necessary \"" ."", ""tok_labeled"": ""<ENAMEX TYPE=\""PERSON\"">Kinkerl</ENAMEX> said that <ENAMEX TYPE=\""ORG\"">NATO</ENAMEX> 's decision was \"" correct and necessary \"" .""}",Kinkerl;NATO
ldc_entity_recog_092,"{""text"": ""He requested the United Nations , the European Union , the US and Russia to put forward a new joint proposal to force both warring parties of the Bosnia - Herzegovina to return to the negotiating table ."", ""tok"": ""He requested the United Nations , the European Union , the US and Russia to put forward a new joint proposal to force both warring parties of the Bosnia - Herzegovina to return to the negotiating table ."", ""tok_labeled"": ""He requested <ENAMEX TYPE=\""ORG\"">the United Nations</ENAMEX> , <ENAMEX TYPE=\""ORG\"">the European Union</ENAMEX> , the <ENAMEX TYPE=\""GPE\"">US</ENAMEX> and <ENAMEX TYPE=\""GPE\"">Russia</ENAMEX> to put forward a new joint proposal to force both warring parties of the <ENAMEX TYPE=\""GPE\"">Bosnia - Herzegovina</ENAMEX> to return to the negotiating table .""}",the United Nations;the European Union;US;Russia;Bosnia - Herzegovina
ldc_entity_recog_093,"{""text"": ""The two sides will continue to strive together and strengthen cooperation in a pragmatic spirit ."", ""tok"": ""The two sides will continue to strive together and strengthen cooperation in a pragmatic spirit ."", ""tok_labeled"": ""The <ENAMEX TYPE=\""CARDINAL\"">two</ENAMEX> sides will continue to strive together and strengthen cooperation in a pragmatic spirit .""}",two
ldc_entity_recog_094,"{""text"": ""When meeting with the Governor of Macao Viera here today , Premier of the State Council Peng Li said the policy of the Chinese government towards Macao is consistent , firm and unchanging , and that the Chinese government would , in accordance to the policy of \"" one country , two systems \"" and strictly according to the regulations in the joint declaration between China and Portugal and the Basic Laws of Macao , maintain the stability and development of Macao ."", ""tok"": ""When meeting with the Governor of Macao Viera here today , Premier of the State Council Peng Li said the policy of the Chinese government towards Macao is consistent , firm and unchanging , and that the Chinese government would , in accordance to the policy of \"" one country , two systems \"" and strictly according to the regulations in the joint declaration between China and Portugal and the Basic Laws of Macao , maintain the stability and development of Macao ."", ""tok_labeled"": ""When meeting with the Governor of <ENAMEX TYPE=\""GPE\"">Macao</ENAMEX> <ENAMEX TYPE=\""PERSON\"">Viera</ENAMEX> here <ENAMEX TYPE=\""DATE\"">today</ENAMEX> , Premier of <ENAMEX TYPE=\""ORG\"">the State Council</ENAMEX> <ENAMEX TYPE=\""PERSON\"">Peng Li</ENAMEX> said the policy of the <ENAMEX TYPE=\""NORP\"">Chinese</ENAMEX> government towards <ENAMEX TYPE=\""GPE\"">Macao</ENAMEX> is consistent , firm and unchanging , and that the <ENAMEX TYPE=\""NORP\"">Chinese</ENAMEX> government would , in accordance to the policy of \"" <ENAMEX TYPE=\""CARDINAL\"">one</ENAMEX> country , <ENAMEX TYPE=\""CARDINAL\"">two</ENAMEX> systems \"" and strictly according to the regulations in the joint declaration between <ENAMEX TYPE=\""GPE\"">China</ENAMEX> and <ENAMEX TYPE=\""GPE\"">Portugal</ENAMEX> and <ENAMEX TYPE=\""LAW\"">the Basic Laws of Macao</ENAMEX> , maintain the stability and development of <ENAMEX TYPE=\""GPE\"">Macao</ENAMEX> .""}",Macao;Viera;today;the State Council;Peng Li;Chinese;Macao;Chinese;one;two;China;Portugal;the Basic Laws of Macao;Macao
ldc_entity_recog_095,"{""text"": ""Peng Li expressed welcome at the periodic visit of Viera ."", ""tok"": ""Peng Li expressed welcome at the periodic visit of Viera ."", ""tok_labeled"": ""<ENAMEX TYPE=\""PERSON\"">Peng Li</ENAMEX> expressed welcome at the periodic visit of <ENAMEX TYPE=\""PERSON\"">Viera</ENAMEX> .""}",Peng Li;Viera
ldc_entity_recog_096,"{""text"": ""President Zemin Jiang , Vice President Yiren Rong and myself have all visited Portugal , and Prime Minister Shewar visited China in April of this year . \"""", ""tok"": ""President Zemin Jiang , Vice President Yiren Rong and myself have all visited Portugal , and Prime Minister Shewar visited China in April of this year . \"""", ""tok_labeled"": ""President <ENAMEX TYPE=\""PERSON\"">Zemin Jiang</ENAMEX> , Vice President <ENAMEX TYPE=\""PERSON\"">Yiren Rong</ENAMEX> and myself have all visited <ENAMEX TYPE=\""GPE\"">Portugal</ENAMEX> , and Prime Minister <ENAMEX TYPE=\""PERSON\"">Shewar</ENAMEX> visited <ENAMEX TYPE=\""GPE\"">China</ENAMEX> in <ENAMEX TYPE=\""DATE\"">April of this year</ENAMEX> . \""""}",Zemin Jiang;Yiren Rong;Portugal;Shewar;China;April of this year
ldc_entity_recog_097,"{""text"": ""Peng Li pointed out , the Macao issue was an important component of the relationship between China and Portugal ."", ""tok"": ""Peng Li pointed out , the Macao issue was an important component of the relationship between China and Portugal ."", ""tok_labeled"": ""<ENAMEX TYPE=\""PERSON\"">Peng Li</ENAMEX> pointed out , the <ENAMEX TYPE=\""GPE\"">Macao</ENAMEX> issue was an important component of the relationship between <ENAMEX TYPE=\""GPE\"">China</ENAMEX> and <ENAMEX TYPE=\""GPE\"">Portugal</ENAMEX> .""}",Peng Li;Macao;China;Portugal
ldc_entity_recog_098,"{""text"": ""Maintaining good relationships between the two countries of China and Portugal , as well as the inland and Macao , is beneficial for the social stability and economic development ."", ""tok"": ""Maintaining good relationships between the two countries of China and Portugal , as well as the inland and Macao , is beneficial for the social stability and economic development ."", ""tok_labeled"": ""Maintaining good relationships between the <ENAMEX TYPE=\""CARDINAL\"">two</ENAMEX> countries of <ENAMEX TYPE=\""GPE\"">China</ENAMEX> and <ENAMEX TYPE=\""GPE\"">Portugal</ENAMEX> , as well as the inland and <ENAMEX TYPE=\""GPE\"">Macao</ENAMEX> , is beneficial for the social stability and economic development .""}",two;China;Portugal;Macao
ldc_entity_recog_099,"{""text"": ""In recent years , under the joint effort of both sides , many issues of mutual concern to both sides had been resolved , various degrees of progress have been achieved in the three major issues , namely languages , civil servants , and laws in the transition period of Macao ."", ""tok"": ""In recent years , under the joint effort of both sides , many issues of mutual concern to both sides had been resolved , various degrees of progress have been achieved in the three major issues , namely languages , civil servants , and laws in the transition period of Macao ."", ""tok_labeled"": ""In <ENAMEX TYPE=\""DATE\"">recent years</ENAMEX> , under the joint effort of both sides , many issues of mutual concern to both sides had been resolved , various degrees of progress have been achieved in the <ENAMEX TYPE=\""CARDINAL\"">three</ENAMEX> major issues , namely languages , civil servants , and laws in the transition period of <ENAMEX TYPE=\""GPE\"">Macao</ENAMEX> .""}",recent years;three;Macao
ldc_entity_recog_100,"{""text"": ""He said : \"" We hope that the Macao government will continue to give their attention to these three problems , in order to achieve final proper resolution . \"""", ""tok"": ""He said : \"" We hope that the Macao government will continue to give their attention to these three problems , in order to achieve final proper resolution . \"""", ""tok_labeled"": ""He said : \"" We hope that the <ENAMEX TYPE=\""GPE\"">Macao</ENAMEX> government will continue to give their attention to these <ENAMEX TYPE=\""CARDINAL\"">three</ENAMEX> problems , in order to achieve final proper resolution . \""""}",Macao;three
ldc_entity_recog_101,"{""text"": ""Peng Li said , \"" Governor Viera has done a lot of beneficial work in the smooth resolution of the Macao issue , for this we express our appreciation . \"""", ""tok"": ""Peng Li said , \"" Governor Viera has done a lot of beneficial work in the smooth resolution of the Macao issue , for this we express our appreciation . \"""", ""tok_labeled"": ""<ENAMEX TYPE=\""PERSON\"">Peng Li</ENAMEX> said , \"" Governor <ENAMEX TYPE=\""PERSON\"">Viera</ENAMEX> has done a lot of beneficial work in the smooth resolution of the <ENAMEX TYPE=\""GPE\"">Macao</ENAMEX> issue , for this we express our appreciation . \""""}",Peng Li;Viera;Macao
ldc_entity_recog_102,"{""text"": ""Peng Li also emphasized , with the approach of 1999 , that there is still a lot of work to be done by both the Chinese and Portuguese sides on the Macao issue , and that the mission is very important ."", ""tok"": ""Peng Li also emphasized , with the approach of 1999 , that there is still a lot of work to be done by both the Chinese and Portuguese sides on the Macao issue , and that the mission is very important ."", ""tok_labeled"": ""<ENAMEX TYPE=\""PERSON\"">Peng Li</ENAMEX> also emphasized , with the approach of <ENAMEX TYPE=\""DATE\"">1999</ENAMEX> , that there is still a lot of work to be done by both the <ENAMEX TYPE=\""NORP\"">Chinese</ENAMEX> and <ENAMEX TYPE=\""NORP\"">Portuguese</ENAMEX> sides on the <ENAMEX TYPE=\""GPE\"">Macao</ENAMEX> issue , and that the mission is very important .""}",Peng Li;1999;Chinese;Portuguese;Macao
ldc_entity_recog_103,"{""text"": ""Viera happily recalled the two meetings he had with Premier Peng Li in 1991 and 1992 , and highly assessed the important contributions made by the Chinese government and Premier Peng Li himself in the development of the relationship between Portugal and China and the resolution of the Macao issue ."", ""tok"": ""Viera happily recalled the two meetings he had with Premier Peng Li in 1991 and 1992 , and highly assessed the important contributions made by the Chinese government and Premier Peng Li himself in the development of the relationship between Portugal and China and the resolution of the Macao issue ."", ""tok_labeled"": ""<ENAMEX TYPE=\""PERSON\"">Viera</ENAMEX> happily recalled the <ENAMEX TYPE=\""CARDINAL\"">two</ENAMEX> meetings he had with Premier <ENAMEX TYPE=\""PERSON\"">Peng Li</ENAMEX> in <ENAMEX TYPE=\""DATE\"">1991</ENAMEX> and <ENAMEX TYPE=\""DATE\"">1992</ENAMEX> , and highly assessed the important contributions made by the <ENAMEX TYPE=\""NORP\"">Chinese</ENAMEX> government and Premier <ENAMEX TYPE=\""PERSON\"">Peng Li</ENAMEX> himself in the development of the relationship between <ENAMEX TYPE=\""GPE\"">Portugal</ENAMEX> and <ENAMEX TYPE=\""GPE\"">China</ENAMEX> and the resolution of the <ENAMEX TYPE=\""GPE\"">Macao</ENAMEX> issue .""}",Viera;two;Peng Li;1991;1992;Chinese;Peng Li;Portugal;China;Macao
ldc_entity_recog_104,"{""text"": ""Viera said , he was glad to see that China had achieved great progress in the areas of economic and social life , and expressed complete understanding that the modernization build - up needed to be carried out under stable situations ."", ""tok"": ""Viera said , he was glad to see that China had achieved great progress in the areas of economic and social life , and expressed complete understanding that the modernization build - up needed to be carried out under stable situations ."", ""tok_labeled"": ""<ENAMEX TYPE=\""PERSON\"">Viera</ENAMEX> said , he was glad to see that <ENAMEX TYPE=\""GPE\"">China</ENAMEX> had achieved great progress in the areas of economic and social life , and expressed complete understanding that the modernization build - up needed to be carried out under stable situations .""}",Viera;China
ldc_entity_recog_105,"{""text"": ""He said , the stability and development of China was beneficial to world peace and development , and that the prosperity and stability of China was the basic guarantee for the prosperity and stability of Macao ."", ""tok"": ""He said , the stability and development of China was beneficial to world peace and development , and that the prosperity and stability of China was the basic guarantee for the prosperity and stability of Macao ."", ""tok_labeled"": ""He said , the stability and development of <ENAMEX TYPE=\""GPE\"">China</ENAMEX> was beneficial to world peace and development , and that the prosperity and stability of <ENAMEX TYPE=\""GPE\"">China</ENAMEX> was the basic guarantee for the prosperity and stability of <ENAMEX TYPE=\""GPE\"">Macao</ENAMEX> .""}",China;China;Macao
ldc_entity_recog_106,"{""text"": ""He and the Portuguese government would continue to put forth effort towards the continuous development and smooth resolution of the Macao issue ."", ""tok"": ""He and the Portuguese government would continue to put forth effort towards the continuous development and smooth resolution of the Macao issue ."", ""tok_labeled"": ""He and the <ENAMEX TYPE=\""NORP\"">Portuguese</ENAMEX> government would continue to put forth effort towards the continuous development and smooth resolution of the <ENAMEX TYPE=\""GPE\"">Macao</ENAMEX> issue .""}",Portuguese;Macao
ldc_entity_recog_107,"{""text"": ""Hasang Hapipy , Iran 's first vice president said today when arriving back in Teheran that he expressed satisfaction over the result of visiting China after ending a 3 - day friendly visit to China ."", ""tok"": ""Hasang Hapipy , Iran 's first vice president said today when arriving back in Teheran that he expressed satisfaction over the result of visiting China after ending a 3 - day friendly visit to China ."", ""tok_labeled"": ""<ENAMEX TYPE=\""PERSON\"">Hasang Hapipy</ENAMEX> , <ENAMEX TYPE=\""GPE\"">Iran</ENAMEX> 's <ENAMEX TYPE=\""ORDINAL\"">first</ENAMEX> vice president said <ENAMEX TYPE=\""DATE\"">today</ENAMEX> when arriving back in <ENAMEX TYPE=\""GPE\"">Teheran</ENAMEX> that he expressed satisfaction over the result of visiting <ENAMEX TYPE=\""GPE\"">China</ENAMEX> after ending a <ENAMEX TYPE=\""DATE\"">3 - day</ENAMEX> friendly visit to <ENAMEX TYPE=\""GPE\"">China</ENAMEX> .""}",Hasang Hapipy;Iran;first;today;Teheran;China;3 - day;China
ldc_entity_recog_108,"{""text"": ""Hapipy said to reporters at the airport that during his visit he exchanged ideas with Chinese leaders concerning bilateral relationship , international and regional problems ."", ""tok"": ""Hapipy said to reporters at the airport that during his visit he exchanged ideas with Chinese leaders concerning bilateral relationship , international and regional problems ."", ""tok_labeled"": ""<ENAMEX TYPE=\""PERSON\"">Hapipy</ENAMEX> said to reporters at the airport that during his visit he exchanged ideas with <ENAMEX TYPE=\""NORP\"">Chinese</ENAMEX> leaders concerning bilateral relationship , international and regional problems .""}",Hapipy;Chinese
ldc_entity_recog_109,"{""text"": ""He said that , the projects of economic cooperation between the two countries of Iran and China were being implemented , and the two countries would jointly invest in Central Asian areas to implement economic cooperation ."", ""tok"": ""He said that , the projects of economic cooperation between the two countries of Iran and China were being implemented , and the two countries would jointly invest in Central Asian areas to implement economic cooperation ."", ""tok_labeled"": ""He said that , the projects of economic cooperation between the <ENAMEX TYPE=\""CARDINAL\"">two</ENAMEX> countries of <ENAMEX TYPE=\""GPE\"">Iran</ENAMEX> and <ENAMEX TYPE=\""GPE\"">China</ENAMEX> were being implemented , and the <ENAMEX TYPE=\""CARDINAL\"">two</ENAMEX> countries would jointly invest in <ENAMEX TYPE=\""NORP\"">Central Asian</ENAMEX> areas to implement economic cooperation .""}",two;Iran;China;two;Central Asian
ldc_entity_recog_110,"{""text"": ""China , Iran and a third country would also jointly invest in reconstructing China 's oil refinery equipment to expand the capability of extracting Iran 's petroleum ."", ""tok"": ""China , Iran and a third country would also jointly invest in reconstructing China 's oil refinery equipment to expand the capability of extracting Iran 's petroleum ."", ""tok_labeled"": ""<ENAMEX TYPE=\""GPE\"">China</ENAMEX> , <ENAMEX TYPE=\""GPE\"">Iran</ENAMEX> and a <ENAMEX TYPE=\""ORDINAL\"">third</ENAMEX> country would also jointly invest in reconstructing <ENAMEX TYPE=\""GPE\"">China</ENAMEX> 's oil refinery equipment to expand the capability of extracting <ENAMEX TYPE=\""GPE\"">Iran</ENAMEX> 's petroleum .""}",China;Iran;third;China;Iran
ldc_entity_recog_111,"{""text"": ""Anwar arrived in Shanghai from Nanjing yesterday afternoon ."", ""tok"": ""Anwar arrived in Shanghai from Nanjing yesterday afternoon ."", ""tok_labeled"": ""<ENAMEX TYPE=\""PERSON\"">Anwar</ENAMEX> arrived in <ENAMEX TYPE=\""GPE\"">Shanghai</ENAMEX> from <ENAMEX TYPE=\""GPE\"">Nanjing</ENAMEX> <ENAMEX TYPE=\""TIME\"">yesterday afternoon</ENAMEX> .""}",Anwar;Shanghai;Nanjing;yesterday afternoon
ldc_entity_recog_112,"{""text"": ""This morning , Anwar attended the foundation laying ceremony of the Minhang China - Malaysia joint - venture enterprise , and after that toured Pudong 's Jingqiao export processing district ."", ""tok"": ""This morning , Anwar attended the foundation laying ceremony of the Minhang China - Malaysia joint - venture enterprise , and after that toured Pudong 's Jingqiao export processing district ."", ""tok_labeled"": ""<ENAMEX TYPE=\""TIME\"">This morning</ENAMEX> , <ENAMEX TYPE=\""PERSON\"">Anwar</ENAMEX> attended the foundation laying ceremony of the <ENAMEX TYPE=\""GPE\"">Minhang</ENAMEX> <ENAMEX TYPE=\""GPE\"">China</ENAMEX> - <ENAMEX TYPE=\""GPE\"">Malaysia</ENAMEX> joint - venture enterprise , and after that toured <ENAMEX TYPE=\""GPE\"">Pudong</ENAMEX> 's <ENAMEX TYPE=\""LOC\"">Jingqiao export processing district</ENAMEX> .""}",This morning;Anwar;Minhang;China;Malaysia;Pudong;Jingqiao export processing district
ldc_entity_recog_113,"{""text"": ""This afternoon , premier Peng Li and Zumegloph , premier of the Kirghizia government held a comprehensive and in - depth talk concerning developing bilateral economic and trade relations ."", ""tok"": ""This afternoon , premier Peng Li and Zumegloph , premier of the Kirghizia government held a comprehensive and in - depth talk concerning developing bilateral economic and trade relations ."", ""tok_labeled"": ""<ENAMEX TYPE=\""TIME\"">This afternoon</ENAMEX> , premier <ENAMEX TYPE=\""PERSON\"">Peng Li</ENAMEX> and <ENAMEX TYPE=\""PERSON\"">Zumegloph</ENAMEX> , premier of the <ENAMEX TYPE=\""NORP\"">Kirghizia</ENAMEX> government held a comprehensive and in - depth talk concerning developing bilateral economic and trade relations .""}",This afternoon;Peng Li;Zumegloph;Kirghizia
ldc_entity_recog_114,"{""text"": ""Zumegloph said that the two countries of China and Kirghizia had a traditional friendly relationship and this relationship was increasingly strengthened and continuously developing ."", ""tok"": ""Zumegloph said that the two countries of China and Kirghizia had a traditional friendly relationship and this relationship was increasingly strengthened and continuously developing ."", ""tok_labeled"": ""<ENAMEX TYPE=\""PERSON\"">Zumegloph</ENAMEX> said that the <ENAMEX TYPE=\""CARDINAL\"">two</ENAMEX> countries of <ENAMEX TYPE=\""GPE\"">China</ENAMEX> and <ENAMEX TYPE=\""GPE\"">Kirghizia</ENAMEX> had a traditional friendly relationship and this relationship was increasingly strengthened and continuously developing .""}",Zumegloph;two;China;Kirghizia
ldc_entity_recog_115,"{""text"": ""He said that , now Kirghizia was at the phase of economic reform and paid much attention to strengthening economic connections with China and using the experiences of China for reference , including the experiences of China 's agricultural reform ."", ""tok"": ""He said that , now Kirghizia was at the phase of economic reform and paid much attention to strengthening economic connections with China and using the experiences of China for reference , including the experiences of China 's agricultural reform ."", ""tok_labeled"": ""He said that , now <ENAMEX TYPE=\""GPE\"">Kirghizia</ENAMEX> was at the phase of economic reform and paid much attention to strengthening economic connections with <ENAMEX TYPE=\""GPE\"">China</ENAMEX> and using the experiences of <ENAMEX TYPE=\""GPE\"">China</ENAMEX> for reference , including the experiences of <ENAMEX TYPE=\""GPE\"">China</ENAMEX> 's agricultural reform .""}",Kirghizia;China;China;China
ldc_entity_recog_116,"{""text"": ""Zumegloph also made a presentation to Peng Li about Kirghizia 's economic situation ."", ""tok"": ""Zumegloph also made a presentation to Peng Li about Kirghizia 's economic situation ."", ""tok_labeled"": ""<ENAMEX TYPE=\""PERSON\"">Zumegloph</ENAMEX> also made a presentation to <ENAMEX TYPE=\""PERSON\"">Peng Li</ENAMEX> about <ENAMEX TYPE=\""GPE\"">Kirghizia</ENAMEX> 's economic situation .""}",Zumegloph;Peng Li;Kirghizia
ldc_entity_recog_117,"{""text"": ""Peng Li said that the economic difficulties Kirghizia faced with during the reform were temporary , and that only after through diligence could it be completely overcome ."", ""tok"": ""Peng Li said that the economic difficulties Kirghizia faced with during the reform were temporary , and that only after through diligence could it be completely overcome ."", ""tok_labeled"": ""<ENAMEX TYPE=\""PERSON\"">Peng Li</ENAMEX> said that the economic difficulties <ENAMEX TYPE=\""GPE\"">Kirghizia</ENAMEX> faced with during the reform were temporary , and that only after through diligence could it be completely overcome .""}",Peng Li;Kirghizia
ldc_entity_recog_118,"{""text"": ""Peng Li said that in the past two years or more , economic trade and cooperation between the two countries has begun smoothly and has made considerable progress ."", ""tok"": ""Peng Li said that in the past two years or more , economic trade and cooperation between the two countries has begun smoothly and has made considerable progress ."", ""tok_labeled"": ""<ENAMEX TYPE=\""PERSON\"">Peng Li</ENAMEX> said that in <ENAMEX TYPE=\""DATE\"">the past two years or more</ENAMEX> , economic trade and cooperation between the <ENAMEX TYPE=\""CARDINAL\"">two</ENAMEX> countries has begun smoothly and has made considerable progress .""}",Peng Li;the past two years or more;two
ldc_entity_recog_119,"{""text"": ""From now on , the two countries would explore and utilize the advantageous conditions of the two countries more fully , act according to rules of economy , guarantee that bilateral benefits , continuously enrich the shape of cooperation and improve the level and class of the trade of the two countries ."", ""tok"": ""From now on , the two countries would explore and utilize the advantageous conditions of the two countries more fully , act according to rules of economy , guarantee that bilateral benefits , continuously enrich the shape of cooperation and improve the level and class of the trade of the two countries ."", ""tok_labeled"": ""From now on , the <ENAMEX TYPE=\""CARDINAL\"">two</ENAMEX> countries would explore and utilize the advantageous conditions of the <ENAMEX TYPE=\""CARDINAL\"">two</ENAMEX> countries more fully , act according to rules of economy , guarantee that bilateral benefits , continuously enrich the shape of cooperation and improve the level and class of the trade of the <ENAMEX TYPE=\""CARDINAL\"">two</ENAMEX> countries .""}",two;two;two
ldc_entity_recog_120,"{""text"": ""Peng Li also said , \"" This time there are a number of entrepreneurs who have come with me to visit , and both sides can enhance contact ."", ""tok"": ""Peng Li also said , \"" This time there are a number of entrepreneurs who have come with me to visit , and both sides can enhance contact ."", ""tok_labeled"": ""<ENAMEX TYPE=\""PERSON\"">Peng Li</ENAMEX> also said , \"" This time there are a number of entrepreneurs who have come with me to visit , and both sides can enhance contact .""}",Peng Li
ldc_entity_recog_121,"{""text"": ""The Chinese government encourages and supports China 's enterprise circles in participating in Kirghizia 's economic construction on the basis of equality and mutual benefit . \"""", ""tok"": ""The Chinese government encourages and supports China 's enterprise circles in participating in Kirghizia 's economic construction on the basis of equality and mutual benefit . \"""", ""tok_labeled"": ""The <ENAMEX TYPE=\""NORP\"">Chinese</ENAMEX> government encourages and supports <ENAMEX TYPE=\""GPE\"">China</ENAMEX> 's enterprise circles in participating in <ENAMEX TYPE=\""GPE\"">Kirghizia</ENAMEX> 's economic construction on the basis of equality and mutual benefit . \""""}",Chinese;China;Kirghizia
ldc_entity_recog_122,"{""text"": ""Premier Peng Li invited premier Zumegloph to visit China at his convenience ."", ""tok"": ""Premier Peng Li invited premier Zumegloph to visit China at his convenience ."", ""tok_labeled"": ""Premier <ENAMEX TYPE=\""PERSON\"">Peng Li</ENAMEX> invited premier <ENAMEX TYPE=\""PERSON\"">Zumegloph</ENAMEX> to visit <ENAMEX TYPE=\""GPE\"">China</ENAMEX> at his convenience .""}",Peng Li;Zumegloph;China
ldc_entity_recog_123,"{""text"": ""Zumegloph expressed his thanks for this and accepted the invitation happily ."", ""tok"": ""Zumegloph expressed his thanks for this and accepted the invitation happily ."", ""tok_labeled"": ""<ENAMEX TYPE=\""PERSON\"">Zumegloph</ENAMEX> expressed his thanks for this and accepted the invitation happily .""}",Zumegloph
ldc_entity_recog_124,"{""text"": ""Xinhua News Agency , Moscow , August 31 , by reporter Rong Xie"", ""tok"": ""Xinhua News Agency , Moscow , August 31 , by reporter Rong Xie"", ""tok_labeled"": ""<ENAMEX TYPE=\""ORG\"">Xinhua News Agency</ENAMEX> , <ENAMEX TYPE=\""GPE\"">Moscow</ENAMEX> , <ENAMEX TYPE=\""DATE\"">August 31</ENAMEX> , by reporter <ENAMEX TYPE=\""PERSON\"">Rong Xie</ENAMEX>""}",Xinhua News Agency;Moscow;August 31;Rong Xie
ldc_entity_recog_125,"{""text"": ""Until now , Russia has completed the troop withdrawal work from the three countries of Baltic Sea ."", ""tok"": ""Until now , Russia has completed the troop withdrawal work from the three countries of Baltic Sea ."", ""tok_labeled"": ""<ENAMEX TYPE=\""DATE\"">Until now</ENAMEX> , <ENAMEX TYPE=\""GPE\"">Russia</ENAMEX> has completed the troop withdrawal work from the <ENAMEX TYPE=\""CARDINAL\"">three</ENAMEX> countries of <ENAMEX TYPE=\""LOC\"">Baltic Sea</ENAMEX> .""}",Until now;Russia;three;Baltic Sea
ldc_entity_recog_126,"{""text"": ""According to agreements reached by Russia with the governments of Latvia and Estonia , currently there are still a few hundred Russian military experts remaining in the early warning radar stations of the Latvian and Russian naval education centers in Estonia ."", ""tok"": ""According to agreements reached by Russia with the governments of Latvia and Estonia , currently there are still a few hundred Russian military experts remaining in the early warning radar stations of the Latvian and Russian naval education centers in Estonia ."", ""tok_labeled"": ""According to agreements reached by <ENAMEX TYPE=\""GPE\"">Russia</ENAMEX> with the governments of <ENAMEX TYPE=\""GPE\"">Latvia</ENAMEX> and <ENAMEX TYPE=\""GPE\"">Estonia</ENAMEX> , currently there are still <ENAMEX TYPE=\""CARDINAL\"">a few hundred</ENAMEX> <ENAMEX TYPE=\""NORP\"">Russian</ENAMEX> military experts remaining in the early warning radar stations of the <ENAMEX TYPE=\""NORP\"">Latvian</ENAMEX> and <ENAMEX TYPE=\""NORP\"">Russian</ENAMEX> naval education centers in <ENAMEX TYPE=\""GPE\"">Estonia</ENAMEX> .""}",Russia;Latvia;Estonia;a few hundred;Russian;Latvian;Russian;Estonia
ldc_entity_recog_127,"{""text"": ""The Russian Northwest troop clusters are former Soviet troops stationed in the above three countries , with headquarters set in the Latvian Republic ."", ""tok"": ""The Russian Northwest troop clusters are former Soviet troops stationed in the above three countries , with headquarters set in the Latvian Republic ."", ""tok_labeled"": ""The <ENAMEX TYPE=\""NORP\"">Russian</ENAMEX> <ENAMEX TYPE=\""ORG\"">Northwest troop</ENAMEX> clusters are former <ENAMEX TYPE=\""NORP\"">Soviet</ENAMEX> troops stationed in the above <ENAMEX TYPE=\""CARDINAL\"">three</ENAMEX> countries , with headquarters set in <ENAMEX TYPE=\""GPE\"">the Latvian Republic</ENAMEX> .""}",Russian;Northwest troop;Soviet;three;the Latvian Republic
ldc_entity_recog_128,"{""text"": ""The total original military strength was more than 116,000 people , within which most , more than 50,000 people , were stationed in Latvia ; more than 35,000 people in Lithuania , and more than 30,000 people in Estonia ."", ""tok"": ""The total original military strength was more than 116,000 people , within which most , more than 50,000 people , were stationed in Latvia ; more than 35,000 people in Lithuania , and more than 30,000 people in Estonia ."", ""tok_labeled"": ""The total original military strength was <ENAMEX TYPE=\""CARDINAL\"">more than 116,000</ENAMEX> people , within which most , <ENAMEX TYPE=\""CARDINAL\"">more than 50,000</ENAMEX> people , were stationed in <ENAMEX TYPE=\""GPE\"">Latvia</ENAMEX> ; <ENAMEX TYPE=\""CARDINAL\"">more than 35,000</ENAMEX> people in <ENAMEX TYPE=\""GPE\"">Lithuania</ENAMEX> , and <ENAMEX TYPE=\""CARDINAL\"">more than 30,000</ENAMEX> people in <ENAMEX TYPE=\""GPE\"">Estonia</ENAMEX> .""}","more than 116,000;more than 50,000;Latvia;more than 35,000;Lithuania;more than 30,000;Estonia"
ldc_entity_recog_129,"{""text"": ""After the disintegration of the former Soviet Union , these troop clusters were transferred to Russian ownership ."", ""tok"": ""After the disintegration of the former Soviet Union , these troop clusters were transferred to Russian ownership ."", ""tok_labeled"": ""After the disintegration of the former <ENAMEX TYPE=\""GPE\"">Soviet Union</ENAMEX> , these troop clusters were transferred to <ENAMEX TYPE=\""NORP\"">Russian</ENAMEX> ownership .""}",Soviet Union;Russian
ldc_entity_recog_130,"{""text"": ""It is reported that the Russian troops that withdrew from the three Baltic Sea countries will be stationed respectively in the Russian state of Jalininggele , the state of Simolingsike and Yelinia city which is 300 kilometers away from Moscow ."", ""tok"": ""It is reported that the Russian troops that withdrew from the three Baltic Sea countries will be stationed respectively in the Russian state of Jalininggele , the state of Simolingsike and Yelinia city which is 300 kilometers away from Moscow ."", ""tok_labeled"": ""It is reported that the <ENAMEX TYPE=\""NORP\"">Russian</ENAMEX> troops that withdrew from the <ENAMEX TYPE=\""CARDINAL\"">three</ENAMEX> <ENAMEX TYPE=\""LOC\"">Baltic Sea</ENAMEX> countries will be stationed respectively in the <ENAMEX TYPE=\""NORP\"">Russian</ENAMEX> state of <ENAMEX TYPE=\""GPE\"">Jalininggele</ENAMEX> , the state of <ENAMEX TYPE=\""GPE\"">Simolingsike</ENAMEX> and <ENAMEX TYPE=\""GPE\"">Yelinia city</ENAMEX> which is <ENAMEX TYPE=\""QUANTITY\"">300 kilometers away</ENAMEX> from <ENAMEX TYPE=\""GPE\"">Moscow</ENAMEX> .""}",Russian;three;Baltic Sea;Russian;Jalininggele;Simolingsike;Yelinia city;300 kilometers away;Moscow
